Landmark_MP_ID,Refined_X_Px,Refined_Y_Px,Normalized_X,Normalized_Y,Image_W,Image_H,Nose_X_Px,Nose_Y_Px
58,161.2685851318945,553.2752997601918,-0.178293110106524,0.07659867162272188,659,739,337.8059562444687,477.43093252182007
172,176.86378896882493,590.8455635491607,-0.16254280535627114,0.11454258761196742,659,739,337.8059562444687,477.43093252182007
136,192.10455635491607,620.9726618705035,-0.14715046207761495,0.14496931269768304,659,739,337.8059562444687,477.43093252182007
150,215.49736211031174,646.1376498800959,-0.12352500495223569,0.1703845771810456,659,739,337.8059562444687,477.43093252182007
149,234.9913669064748,663.8594724220624,-0.10383712401441964,0.18828265076087844,659,739,337.8059562444687,477.43093252182007
176,256.9664268585132,679.4546762589928,-0.08164351277542695,0.20403295551113126,659,739,337.8059562444687,477.43093252182007
148,286.73908872901677,691.8599520383693,-0.05157474916130792,0.21656160701701424,659,739,337.8059562444687,477.43093252182007
152,322.8916067146283,694.3410071942446,-0.015062679058449008,0.21906733731819086,659,739,337.8059562444687,477.43093252182007
377,359.2041103243828,688.9725861549377,0.02161096779340648,0.2136455250558514,659,739,337.8059562444687,477.43093252182007
400,383.14580335731415,677.3280575539568,0.045790771112982416,0.2018851866815513,659,739,337.8059562444687,477.43093252182007
378,403.34868105515585,661.3784172661871,0.06619457499399176,0.18577692045970184,659,739,337.8059562444687,477.43093252182007
379,423.5515587529976,641.884412470024,0.08659837887500116,0.16608903952188583,659,739,337.8059562444687,477.43093252182007
365,442.6911270983213,616.3649880095924,0.10592829834122053,0.14031581356692663,659,739,337.8059562444687,477.43093252182007
397,461.47625899280575,588.0100719424461,0.1249002563358433,0.11167889583919417,659,739,337.8059562444687,477.43093252182007
288,479.90695443645086,551.8575539568345,0.14351425285886943,0.07516682573633525,659,739,337.8059562444687,477.43093252182007
61,254.4324330687523,559.4762753248215,-0.08420270820764506,0.08286131851807733,659,739,337.8059562444687,477.43093252182007
146,260.39356261491776,569.8426243662834,-0.07818229270108362,0.09333076529528941,659,739,337.8059562444687,477.43093252182007
91,272.2071942446043,581.2757793764988,-0.0662511694967708,0.10487762787885768,659,739,337.8059562444687,477.43093252182007
181,287.0935251798561,593.6810551558752,-0.05121678768971127,0.11740627938474056,659,739,337.8059562444687,477.43093252182007
84,305.87865707434054,600.0609112709832,-0.032244829695088496,0.1238495858734804,659,739,337.8059562444687,477.43093252182007
17,327.8537170263789,602.5419664268585,-0.010051218456095867,0.126355316174657,659,739,337.8059562444687,477.43093252182007
314,344.51223021582734,601.8330935251798,0.006772970708946962,0.12563939323146367,659,739,337.8059562444687,477.43093252182007
405,362.9429256594724,594.0354916067146,0.025386967231973017,0.11776424085633723,659,739,337.8059562444687,477.43093252182007
321,375.7026378896883,588.0100719424461,0.03827358020945268,0.11167889583919417,659,739,337.8059562444687,477.43093252182007
375,390.94340527577936,575.2503597122302,0.053665923488108815,0.09879228286171451,659,739,337.8059562444687,477.43093252182007
291,400.4788107275963,566.2846166491508,0.06329616258942085,0.089737371683089,659,739,337.8059562444687,477.43093252182007
409,395.43371748924255,558.9255012273788,0.058200893760081106,0.08230506673874988,659,739,337.8059562444687,477.43093252182007
270,387.5812819004059,550.6708052754402,0.05027036237048615,0.07396827433621453,659,739,337.8059562444687,477.43093252182007
269,375.13582038879395,541.6609973311424,0.03770112546822503,0.06486886003244674,659,739,337.8059562444687,477.43093252182007
267,355.4997601918465,535.1990407673861,0.017869776328443276,0.05834263657129248,659,739,337.8059562444687,477.43093252182007
0,334.33864039182663,538.2178663611412,-0.003501799778671194,0.061391485665326775,659,739,337.8059562444687,477.43093252182007
37,310.8407673860911,534.4901678657075,-0.02723336909273535,0.057626713628099166,659,739,337.8059562444687,477.43093252182007
39,290.99232613908873,539.8067146282974,-0.04727921150214804,0.06299613570204902,659,739,337.8059562444687,477.43093252182007
40,274.5543581843376,546.6028117537498,-0.06388066201664028,0.06985982289443532,659,739,337.8059562444687,477.43093252182007
185,263.0894691348076,553.1972568035126,-0.07545957424799696,0.07651985249575424,659,739,337.8059562444687,477.43093252182007
1,337.8059562444687,477.43093252182007,0.0,0.0,659,739,337.8059562444687,477.43093252182007
